{
  "hash": "037be56b",
  "configHash": "17e32fc9",
  "lockfileHash": "d1be57da",
  "browserHash": "9cfa2d79",
  "optimized": {
    "@angular/common": {
      "src": "../../../../../node_modules/@angular/common/fesm2022/common.mjs",
      "file": "@angular_common.js",
      "fileHash": "09939752",
      "needsInterop": false
    },
    "@angular/core": {
      "src": "../../../../../node_modules/@angular/core/fesm2022/core.mjs",
      "file": "@angular_core.js",
      "fileHash": "0c4f00c5",
      "needsInterop": false
    },
    "@angular/forms": {
      "src": "../../../../../node_modules/@angular/forms/fesm2022/forms.mjs",
      "file": "@angular_forms.js",
      "fileHash": "9955cbdc",
      "needsInterop": false
    },
    "@angular/material/autocomplete": {
      "src": "../../../../../node_modules/@angular/material/fesm2022/autocomplete.mjs",
      "file": "@angular_material_autocomplete.js",
      "fileHash": "4ae31ac9",
      "needsInterop": false
    },
    "@angular/material/button": {
      "src": "../../../../../node_modules/@angular/material/fesm2022/button.mjs",
      "file": "@angular_material_button.js",
      "fileHash": "de5be5c9",
      "needsInterop": false
    },
    "@angular/material/button-toggle": {
      "src": "../../../../../node_modules/@angular/material/fesm2022/button-toggle.mjs",
      "file": "@angular_material_button-toggle.js",
      "fileHash": "21ea021b",
      "needsInterop": false
    },
    "@angular/material/card": {
      "src": "../../../../../node_modules/@angular/material/fesm2022/card.mjs",
      "file": "@angular_material_card.js",
      "fileHash": "3ae510e4",
      "needsInterop": false
    },
    "@angular/material/core": {
      "src": "../../../../../node_modules/@angular/material/fesm2022/core.mjs",
      "file": "@angular_material_core.js",
      "fileHash": "70aad7ae",
      "needsInterop": false
    },
    "@angular/material/datepicker": {
      "src": "../../../../../node_modules/@angular/material/fesm2022/datepicker.mjs",
      "file": "@angular_material_datepicker.js",
      "fileHash": "97014002",
      "needsInterop": false
    },
    "@angular/material/form-field": {
      "src": "../../../../../node_modules/@angular/material/fesm2022/form-field.mjs",
      "file": "@angular_material_form-field.js",
      "fileHash": "80bc7724",
      "needsInterop": false
    },
    "@angular/material/icon": {
      "src": "../../../../../node_modules/@angular/material/fesm2022/icon.mjs",
      "file": "@angular_material_icon.js",
      "fileHash": "4ee5fa2d",
      "needsInterop": false
    },
    "@angular/material/input": {
      "src": "../../../../../node_modules/@angular/material/fesm2022/input.mjs",
      "file": "@angular_material_input.js",
      "fileHash": "ea786e48",
      "needsInterop": false
    },
    "@angular/material/paginator": {
      "src": "../../../../../node_modules/@angular/material/fesm2022/paginator.mjs",
      "file": "@angular_material_paginator.js",
      "fileHash": "1ee23cb9",
      "needsInterop": false
    },
    "@angular/material/slide-toggle": {
      "src": "../../../../../node_modules/@angular/material/fesm2022/slide-toggle.mjs",
      "file": "@angular_material_slide-toggle.js",
      "fileHash": "c3c9c033",
      "needsInterop": false
    },
    "@angular/material/stepper": {
      "src": "../../../../../node_modules/@angular/material/fesm2022/stepper.mjs",
      "file": "@angular_material_stepper.js",
      "fileHash": "79cf8712",
      "needsInterop": false
    },
    "@angular/material/table": {
      "src": "../../../../../node_modules/@angular/material/fesm2022/table.mjs",
      "file": "@angular_material_table.js",
      "fileHash": "039d4d30",
      "needsInterop": false
    },
    "@angular/platform-browser": {
      "src": "../../../../../node_modules/@angular/platform-browser/fesm2022/platform-browser.mjs",
      "file": "@angular_platform-browser.js",
      "fileHash": "1b2c8f44",
      "needsInterop": false
    },
    "@angular/platform-browser/animations": {
      "src": "../../../../../node_modules/@angular/platform-browser/fesm2022/animations.mjs",
      "file": "@angular_platform-browser_animations.js",
      "fileHash": "3c34b8fc",
      "needsInterop": false
    },
    "@angular/router": {
      "src": "../../../../../node_modules/@angular/router/fesm2022/router.mjs",
      "file": "@angular_router.js",
      "fileHash": "1afc9d8f",
      "needsInterop": false
    },
    "rxjs/operators": {
      "src": "../../../../../node_modules/rxjs/dist/esm5/operators/index.js",
      "file": "rxjs_operators.js",
      "fileHash": "631ff347",
      "needsInterop": false
    },
    "@angular/common/http": {
      "src": "../../../../../node_modules/@angular/common/fesm2022/http.mjs",
      "file": "@angular_common_http.js",
      "fileHash": "bcbc179a",
      "needsInterop": false
    },
    "@angular/material/snack-bar": {
      "src": "../../../../../node_modules/@angular/material/fesm2022/snack-bar.mjs",
      "file": "@angular_material_snack-bar.js",
      "fileHash": "40c8a0e9",
      "needsInterop": false
    }
  },
  "chunks": {
    "chunk-YA43TXLZ": {
      "file": "chunk-YA43TXLZ.js"
    },
    "chunk-ZEAWMROE": {
      "file": "chunk-ZEAWMROE.js"
    },
    "chunk-AH2LNGNI": {
      "file": "chunk-AH2LNGNI.js"
    },
    "chunk-WPMPL5UQ": {
      "file": "chunk-WPMPL5UQ.js"
    },
    "chunk-PN5BBQYY": {
      "file": "chunk-PN5BBQYY.js"
    },
    "chunk-J7B3QV3L": {
      "file": "chunk-J7B3QV3L.js"
    },
    "chunk-EDT2PMDM": {
      "file": "chunk-EDT2PMDM.js"
    },
    "chunk-HPV3ZNHI": {
      "file": "chunk-HPV3ZNHI.js"
    },
    "chunk-JKJFARJP": {
      "file": "chunk-JKJFARJP.js"
    },
    "chunk-BLUYSK6W": {
      "file": "chunk-BLUYSK6W.js"
    },
    "chunk-LAS4YMFX": {
      "file": "chunk-LAS4YMFX.js"
    },
    "chunk-VSB2ZBSE": {
      "file": "chunk-VSB2ZBSE.js"
    },
    "chunk-X7X7G2FO": {
      "file": "chunk-X7X7G2FO.js"
    },
    "chunk-GXDAUNNK": {
      "file": "chunk-GXDAUNNK.js"
    },
    "chunk-JK3APCRM": {
      "file": "chunk-JK3APCRM.js"
    },
    "chunk-V2MCY3ZS": {
      "file": "chunk-V2MCY3ZS.js"
    }
  }
}